,gene_id,AT5G17300,AT5G67190,AT5G65310,AT2G46270,AT3G62420
ABI3VP1_AT5G60130_col_a,AT5G60130,yes,,,,
ABI3VP1_FUS3_col_a,AT3G26790,,,,,
ABI3VP1_NGA4_col_a,AT4G01500,,,,,
ABI3VP1_VRN1_col_a,AT3G18990,,,,,
AP2EREBP_ABR1_col_a,AT5G64750,,,,,
AP2EREBP_ABR1_colamp_a,AT5G64750,,yes,,,
AP2EREBP_AIL7_col_a,AT5G65510,,,,,
AP2EREBP_AIL7_colamp_a,AT5G65510,,,,,
AP2EREBP_AT1G01250_col_a,AT1G01250,,,,,
AP2EREBP_AT1G12630_col_a,AT1G12630,,yes,,yes,
AP2EREBP_AT1G12630_colamp_a,AT1G12630,,yes,,yes,
AP2EREBP_At1g19210_col_a,AT1G19210,,yes,,yes,
AP2EREBP_At1g19210_colamp_a,AT1G19210,,yes,,yes,
AP2EREBP_At1g22810_col,AT1G22810,,yes,,,
AP2EREBP_At1g22810_colamp_a,AT1G22810,,yes,,,
AP2EREBP_AT1G28160_col_a,AT1G28160,,yes,,,
AP2EREBP_AT1G28160_colamp_a,AT1G28160,,yes,,,
AP2EREBP_At1g36060_col_a,AT1G36060,,,,,
AP2EREBP_At1g36060_colamp_a,AT1G36060,,yes,,,
AP2EREBP_AT1G44830_col_a,AT1G44830,,,,,
AP2EREBP_AT1G71450_col_a,AT1G71450,,yes,,,
AP2EREBP_AT1G77200_col_a,AT1G77200,,yes,,,
AP2EREBP_AT1G77200_colamp_a,AT1G77200,,yes,,yes,
AP2EREBP_At2g33710_col,AT2G33710,,yes,,,
AP2EREBP_At2g33710_colamp_a,AT2G33710,,,,,
AP2EREBP_At2g44940_colamp_a,AT2G44940,,yes,,,
AP2EREBP_AT3G16280_colamp_a,AT3G16280,,yes,,yes,
AP2EREBP_AT3G60490_colamp_a,AT3G60490,,yes,,yes,
AP2EREBP_At4g16750_col_a,AT4G16750,,yes,,yes,
AP2EREBP_AT4G18450_col_a,AT4G18450,,,,,
AP2EREBP_At4g31060_col_a,AT4G31060,,yes,,,
AP2EREBP_At4g31060_colamp_a,AT4G31060,,,,,
AP2EREBP_At4g32800_col,AT4G32800,,yes,,,
AP2EREBP_At5g18450_col_a,AT5G18450,,,,,
AP2EREBP_At5g65130_col_a,AT5G65130,,,,,
AP2EREBP_CBF1_col_a,AT4G25490,,yes,,,
AP2EREBP_CBF1_colamp_a,AT4G25490,,yes,,yes,
AP2EREBP_CBF2_col_a,AT4G25470,,,,,
AP2EREBP_CBF2_colamp_a,AT4G25470,,yes,,,
AP2EREBP_CBF3_col_a,AT4G25480,,yes,,,
AP2EREBP_CBF3_colamp_a,AT4G25480,,yes,,,
AP2EREBP_CBF4_col_a,AT5G51990,,yes,,,
AP2EREBP_CBF4_colamp_a,AT5G51990,,yes,,yes,
AP2EREBP_CEJ1_col_a,AT3G50260,,yes,,yes,
AP2EREBP_CEJ1_colamp_a,AT3G50260,,yes,,yes,
AP2EREBP_CRF10_col100_a,AT1G68550,,,,,
AP2EREBP_CRF4_colamp_a,AT4G27950,,,,,
AP2EREBP_DDF1_col_a,AT1G12610,,,,,
AP2EREBP_DDF2_col_a,AT1G63030,,,,,
AP2EREBP_DEAR2_col_a,AT5G67190,,yes,,,
AP2EREBP_DEAR2_colamp_a,AT5G67190,,yes,,yes,
AP2EREBP_DEAR3_col_a,AT2G23340,,yes,,,
AP2EREBP_DEAR3_colamp_a,AT2G23340,,yes,,yes,
AP2EREBP_DEAR5_col_a,AT4G06746,,yes,,,
AP2EREBP_DREB19_col_a,AT2G38340,,,,,
AP2EREBP_DREB19_colamp_a,AT2G38340,,yes,,yes,
AP2EREBP_ERF10_col_a,AT1G03800,,,,,
AP2EREBP_ERF105_col,AT5G51190,,,,,
AP2EREBP_ERF105_colamp_a,AT5G51190,,yes,,,
AP2EREBP_ERF11_col_b,AT1G28370,,yes,,,
AP2EREBP_ERF115_col_a,AT5G07310,,,,,
AP2EREBP_ERF115_colamp_a,AT5G07310,,,,,
AP2EREBP_ERF13_colamp_a,AT2G44840,,yes,,,
AP2EREBP_ERF15_col,AT2G31230,,yes,,,
AP2EREBP_ERF15_colamp_a,AT2G31230,,yes,,,
AP2EREBP_ERF2_col_a,AT5G47220,,,,,
AP2EREBP_ERF3_col_a,AT1G50640,,,,,
AP2EREBP_ERF38_col_a,AT2G35700,,yes,,,
AP2EREBP_ERF4_col_a,AT3G15210,,yes,,,
AP2EREBP_ERF4_colamp_a,AT3G15210,,yes,,,
AP2EREBP_ERF5_col_a,AT5G47230,,,,,
AP2EREBP_ERF7_col_a,AT3G20310,,,,,
AP2EREBP_ERF7_colamp_a,AT3G20310,,,,,
AP2EREBP_ERF8_col_a,AT1G53170,,yes,,,
AP2EREBP_ERF8_colamp_a,AT1G53170,,,,,
AP2EREBP_ESE1_col_a,AT3G23220,,,,,
AP2EREBP_ESE3_col_a,AT5G25190,,,,,
AP2EREBP_ESE3_colamp_a,AT5G25190,,,,,
AP2EREBP_LEP_col_a,AT5G13910,,,,,
AP2EREBP_PLT3_col_a,AT5G10510,,,,,
AP2EREBP_PUCHI_colamp_a,AT5G18560,,,,,
AP2EREBP_RAP21_col_a,AT1G46768,,,,,
AP2EREBP_Rap210_col_a,AT5G52020,,,,yes,
AP2EREBP_Rap210_colamp_a,AT5G52020,,,,yes,
AP2EREBP_RAP211_col_a,AT5G19790,,,,,
AP2EREBP_RAP211_colamp_a,AT5G19790,,,,,
AP2EREBP_RAP212_col_a,AT1G53910,,yes,,,
AP2EREBP_RAP26_col_a,AT1G43160,,,,,
AP2EREBP_RAP26_colamp_a,AT1G43160,,,,,
AP2EREBP_RRTF1_col_a,AT4G34410,,,,,
AP2EREBP_RRTF1_colamp_a,AT4G34410,,,,,
AP2EREBP_TINY_col_a,AT5G25810,,,,,
ARF_ARF2_col_v31,AT5G62000,,yes,,,yes
ARF_ecoli_MP_col,AT1G19850,,yes,,yes,yes
ARID_AT1G20910_col_a,AT1G20910,,,,,
BBRBPC_BPC1_col_a,AT2G01930,,yes,,,
BBRBPC_BPC1_colamp_a,AT2G01930,,yes,yes,yes,
BES1_BAM8_col_a,AT5G45300,,,,,
BES1_BAM8_colamp_a,AT5G45300,,,,,
bHLH_bHLH10_col_a,AT2G31220,,,,,
bHLH_bHLH10_colamp_a,AT2G31220,,yes,,yes,
bHLH_bHLH122_col100_a,AT1G51140,,,,,
bHLH_bHLH28_col_a,AT5G46830,,yes,,,
bHLH_bHLH31_col,AT1G59640,,,,,
bHLH_bHLH80_col_a,AT1G35460,,,,,
bHLH_BIM1_col_a,AT5G08130,,,,,
bHLH_BIM2_col_v3b,AT1G69010,yes,,,yes,
bHLH_BIM2_colamp,AT1G69010,yes,,,yes,
bZIP_ABF2_col_v3a,AT1G45249,yes,,,yes,
bZIP_ABI5_col_v3h,AT2G36270,yes,yes,,yes,
bZIP_ABI5_colamp_v3b,AT2G36270,yes,yes,,yes,
bZIP_AREB3_col_v31,AT3G56850,yes,yes,,yes,
bZIP_bZIP16_col_v3a,AT2G35530,yes,yes,,yes,
bZIP_bZIP16_colamp_a,AT2G35530,yes,yes,,yes,
bZIP_bZIP18_col_v31,AT2G40620,,,,yes,yes
bZIP_bZIP18_colamp_a,AT2G40620,,,yes,yes,yes
bZIP_bZIP28_col_a,AT3G10800,,,,yes,
bZIP_bZIP3_col_a,AT5G15830,yes,yes,,yes,
bZIP_bZIP44_col,AT1G75390,,,,,
bZIP_bZIP48_col_a,AT2G04038,,,,,
bZIP_bZIP48_colamp_a,AT2G04038,yes,yes,,yes,
bZIP_bZIP50_col_v31,AT1G77920,yes,yes,,yes,yes
bZIP_bZIP50_colamp_v31,AT1G77920,,yes,,yes,
bZIP_bZIP52_col_v31,AT1G06850,,,,,yes
bZIP_bZIP52_colamp_a,AT1G06850,,,,yes,yes
bZIP_bZIP53_col,AT3G62420,yes,yes,,yes,
bZIP_bZIP53_colamp_a,AT3G62420,yes,yes,,yes,
bZIP_bZIP68_col_a,AT1G32150,yes,yes,,yes,yes
bZIP_GBF3_col,AT2G46270,yes,yes,,yes,
bZIP_GBF3_colamp,AT2G46270,yes,yes,,yes,
bZIP_GBF5_col_v3a,AT2G18160,yes,yes,,yes,
bZIP_GBF5_colamp_a,AT2G18160,yes,yes,,yes,
bZIP_GBF6_col,AT4G34590,yes,yes,,yes,yes
bZIP_HY5_colamp_v3a,AT5G11260,,yes,,yes,
bZIP_TGA1_col,AT5G65210,yes,yes,,yes,yes
bZIP_TGA1_colamp_a,AT5G65210,yes,yes,,yes,yes
bZIP_TGA10_col_a,AT5G06839,,,,,
bZIP_TGA10_colamp_a,AT5G06839,yes,yes,,yes,yes
bZIP_TGA2_col,AT5G06950,,,,,
bZIP_TGA2_colamp_v31,AT5G06950,,,,,
bZIP_TGA3_col,AT1G22070,yes,yes,,yes,yes
bZIP_TGA4_col_a,AT5G10030,,,,,
bZIP_TGA4_colamp_a,AT5G10030,yes,yes,,yes,yes
bZIP_TGA5_col_v3a,AT5G06960,,,,,
bZIP_TGA6_col_a,AT3G12250,yes,yes,,yes,yes
bZIP_TGA6_colamp_a,AT3G12250,yes,yes,,yes,yes
bZIP_TGA9_col_a,AT1G08320,,,,,
bZIP_TGA9_colamp_a,AT1G08320,yes,yes,,yes,yes
bZIP_VIP1_col_v3a,AT1G43700,,,,,
BZR_At1g78700_col_a,AT1G78700,,,,yes,
BZR_At4g18890_col_a,AT4G18890,,,,,
BZR_At4g36780_col_a,AT4G36780,,,,yes,
BZR_BZR1_col_a,AT1G75080,,,,,
C2C2dof_Adof1_col_a,AT1G51700,,,yes,,yes
C2C2dof_AT1G47655_col_a,AT1G47655,,,,,
C2C2dof_AT1G47655_colamp_a,AT1G47655,yes,,,,
C2C2dof_At1g64620_100ng20cy_b,AT1G64620,yes,yes,yes,,yes
C2C2dof_At1g64620_colamp_a,AT1G64620,yes,yes,yes,yes,yes
C2C2dof_AT1G69570_col_a,AT1G69570,,,yes,,yes
C2C2dof_AT1G69570_colamp_a,AT1G69570,,,yes,,yes
C2C2dof_AT2G28810_col_a,AT2G28810,,yes,yes,,yes
C2C2dof_AT2G28810_colamp_a,AT2G28810,yes,yes,yes,,yes
C2C2dof_At3g45610_col_a,AT3G45610,,yes,yes,,yes
C2C2dof_At3g45610_colamp_a,AT3G45610,,yes,yes,,yes
C2C2dof_AT3G52440_col_a,AT3G52440,,yes,,,
C2C2dof_AT3G52440_colamp_a,AT3G52440,,yes,yes,,yes
C2C2dof_At4g38000_col_a,AT4G38000,yes,,,,
C2C2dof_At4g38000_colamp_a,AT4G38000,,,,,
C2C2dof_AT5G02460_col_a,AT5G02460,yes,yes,yes,,yes
C2C2dof_AT5G02460_colamp_a,AT5G02460,yes,yes,yes,,yes
C2C2dof_At5g62940_col_a,AT5G62940,yes,yes,yes,,yes
C2C2dof_AT5G66940_col_a,AT5G66940,,,yes,,yes
C2C2dof_AT5G66940_colamp_a,AT5G66940,,,,,yes
C2C2dof_CDF3_col_a,AT3G47500,,yes,,,
C2C2dof_CDF3_colamp_a,AT3G47500,,yes,yes,,yes
C2C2dof_COG1_col_a,AT1G29160,,,,,yes
C2C2dof_DAG2_col_a,AT2G46590,,,yes,,yes
C2C2dof_DAG2_colamp_a,AT2G46590,,,,,yes
C2C2dof_dof24_col_a,AT2G37590,yes,,yes,,yes
C2C2dof_dof24_colamp_a,AT2G37590,,,,,yes
C2C2dof_dof42_col_a,AT4G21030,,,,,
C2C2dof_dof43_colamp_a,AT4G21040,yes,,yes,,yes
C2C2dof_dof45_col_a,AT4G21080,,,yes,,yes
C2C2dof_OBP1_col_a,AT3G50410,,yes,,,yes
C2C2dof_OBP3_col_a,AT3G55370,,,yes,,yes
C2C2dof_OBP3_colamp_a,AT3G55370,,,,,
C2C2dof_OBP4_col_a,AT5G60850,,yes,,,
C2C2dof_OBP4_colamp_a,AT5G60850,,,yes,,yes
C2C2gata_GATA1_col_a,AT3G24050,,,,,
C2C2gata_GATA11_col_a,AT1G08010,,,,,
C2C2gata_GATA19_col_a,AT4G36620,,,,,
C2C2gata_GATA20_colamp_a,AT2G18380,yes,,,,
C2C2gata_GATA4_col_a,AT3G60530,,,,,
C2C2YABBY_CRC_col_a,AT1G69180,,,,,
C2H2_AT2G15740_col_a,AT2G15740,,,,,
C2H2_At3g60580_col_a,AT3G60580,,,,,
C2H2_AT4G26030_col_a,AT4G26030,,yes,,,
C2H2_At5g04390_col200_a,AT5G04390,,,,,
C2H2_AT5G22990_col_a,AT5G22990,,,,yes,
C2H2_At5g66730_col,AT5G66730,,yes,,,
C2H2_At5g66730_colamp_a,AT5G66730,,yes,,,
C2H2_AtIDD11_colamp_a,AT3G13810,,yes,,,
C2H2_IDD4_col_a,AT2G02080,yes,yes,,,
C2H2_IDD5_colamp_a,AT2G02070,yes,yes,,,
C2H2_IDD7_col_a,AT1G55110,,yes,,,
C2H2_JKD_col_a,AT5G03150,,yes,,,
C2H2_MGP_colamp_a,AT1G03840,,yes,,,
C2H2_SGR5_col_a,AT2G01940,,,,,
C2H2_SGR5_colamp_a,AT2G01940,,yes,,,
C2H2_STOP1_colamp_a,AT1G34370,,,,,
C2H2_STZ_col,AT1G27730,,,,,
C2H2_STZ_colamp_a,AT1G27730,,,,,
C2H2_WIP5_col_a,AT1G51220,,,,,
C2H2_WIP5_colamp_a,AT1G51220,,,,,
C3H_AT3G12130_colamp_a,AT3G12130,,,,,yes
C3H_At5g08750_col_a,AT5G08750,,,,,
C3H_AT5G63260_col_a,AT5G63260,,yes,,,yes
C3H_AT5G63260_colamp_a,AT5G63260,,,,,yes
C3H_CDM1_colamp_a,AT1G68200,,,,,
CAMTA_CAMTA1_col_a,AT5G09410,,,,yes,
CAMTA_CAMTA5_col_a,AT4G16150,,,,,
CPP_AT2G20110_col_a,AT2G20110,yes,,yes,,
CPP_AT2G20110_colamp_a,AT2G20110,yes,,yes,,
CPP_SOL1_col,AT3G22760,yes,,yes,,
CPP_SOL1_colamp_a,AT3G22760,yes,,yes,,
CPP_TCX2_col_a,AT4G14770,yes,,yes,,
CPP_TCX2_colamp_a,AT4G14770,yes,,yes,,
E2FDP_DEL2_col_a,AT5G14960,,,,,
E2FDP_E2FA_col_a,AT2G36010,,,,,
E2FDP_E2FA_colamp_a,AT2G36010,,,,,
EIL_EIN3_col_a,AT3G20770,,,,,
FAR1_FAR1_col_a,AT4G15090,,,,,
G2like_At1g25550_col,AT1G25550,,,,yes,yes
G2like_At1g25550_colamp_a,AT1G25550,,,,,
G2like_AT1G49560_col_a,AT1G49560,,,,,
G2like_AT1G49560_colamp_a,AT1G49560,,,,,
G2like_At1g68670_col,AT1G68670,,,,yes,yes
G2like_At1g68670_colamp_a,AT1G68670,,,,,yes
G2like_At2g01060_col,AT2G01060,,,,yes,yes
G2like_At2g01060_colamp_a,AT2G01060,,,,,
G2like_At2g03500_col_a,AT2G03500,,,,yes,yes
G2like_AT2G20400_colamp_a,AT2G20400,,,,,yes
G2like_AT2G40260_col_a,AT2G40260,,,,,
G2like_AT2G40260_colamp_a,AT2G40260,,yes,,,
G2like_At3g04030_col_a,AT3G04030,,,,yes,yes
G2like_At3g04030_colamp_a,AT3G04030,,,,,yes
G2like_At3g12730_colamp_a,AT3G12730,,,,,yes
G2like_At3g24120_col_a,AT3G24120,yes,yes,,yes,yes
G2like_At3g24120_colamp_a,AT3G24120,,,,yes,yes
G2like_AT4G37180_col_a,AT4G37180,,yes,,yes,yes
G2like_AT4G37180_colamp_a,AT4G37180,,,,,
G2like_At5g29000_col_a,AT5G29000,,,,yes,yes
G2like_AT5G45580_col_a,AT5G45580,,yes,,yes,yes
G2like_AT5G45580_colamp_a,AT5G45580,,yes,,,yes
GeBP_AT4G00250_col_a,AT4G00250,,,,,
GRF_AtGRF6_col_a,AT2G06200,,,,,
GRF_GRF9_colamp_a,AT2G45480,,,,,
HB_ANL2_col_a,AT4G00730,,,,,
HB_ATHB15_col_a,AT1G52150,,,,,
HB_ATHB21_col_a,AT2G18550,,,,,
HB_ATHB21_colamp_a,AT2G18550,,,,,
HB_ATHB40_col_a,AT4G36740,,,,,
HB_ATHB40_colamp_a,AT4G36740,,,,,
HB_ATHB5_col_a,AT5G65310,,,,,
HB_ATHB5_colamp_a,AT5G65310,,,,,
HB_ATHB53_col_a,AT5G66700,,,,,
HB_ATHB53_colamp_a,AT5G66700,,,,,
HB_LMI1_col_a,AT5G03790,,,,,
HB_LMI1_colamp_a,AT5G03790,,,,,
HB_PHV_col_a,AT1G30490,,,,,
Homeobox_ATHB13_col_a,AT1G69780,,,,,
Homeobox_ATHB18_col_a,AT1G70920,,,,,
Homeobox_ATHB18_colamp_a,AT1G70920,,,,,
Homeobox_ATHB20_colamp_a,AT3G01220,,,,,
Homeobox_ATHB6_col_a,AT2G22430,,,,,
Homeobox_ATHB7_col_a,AT2G46680,,,,,
Homeobox_ecoli_HAT2_col_v31,AT5G47370,,,,,
Homeobox_HAT2_colamp_a,AT5G47370,,,,,
Homeobox_HDG1_col100_a,AT3G61150,,,,,
Homeobox_PDF2_col,AT4G04890,,,,,yes
HSF_HSF21_col_a,AT4G18880,,,,,
HSF_HSF3_col_a,AT5G16820,,,,,
HSF_HSF3_colamp_a,AT5G16820,,,,,
HSF_HSF6_col_a,AT5G62020,,,,,
HSF_HSF7_col_a,AT4G11660,,,,,
HSF_HSF7_colamp_a,AT4G11660,,,,,
HSF_HSFA6B_col,AT3G22830,,,,,
HSF_HSFA6B_colamp_a,AT3G22830,,,,,
HSF_HSFB3_colamp_a,AT2G41690,,,,,
HSF_HSFC1_col_a,AT3G24520,,,,,
HSF_HSFC1_colamp_a,AT3G24520,,,,,
LOBAS2_ASL18_col_a,AT2G42430,,,,,
LOBAS2_ASL18_colamp_a,AT2G42430,,,,,
LOBAS2_LBD13_colamp_a,AT2G30340,,,,,
LOBAS2_LBD18_col_a,AT2G45420,,,,,
LOBAS2_LBD18_colamp_a,AT2G45420,yes,,,,
LOBAS2_LBD19_col_a,AT2G45410,,,yes,,
LOBAS2_LBD19_colamp_a,AT2G45410,yes,yes,yes,yes,
LOBAS2_LBD2_col_a,AT1G06280,,,,,
LOBAS2_LBD2_colamp_a,AT1G06280,,,,,
LOBAS2_LBD23_col_a,AT3G26620,,,,,
LOBAS2_LOB_col_a,AT5G63090,,,,,
MADS_AGL15_col_a,AT5G13790,,,,,
MADS_AGL63_col_a,AT1G31140,yes,,,,
MADS_SVP_col_v3b,AT2G22540,yes,yes,,,
MADS_SVP_colamp_v3b,AT2G22540,,,,,
mTERF_AT5G23930_col_a,AT5G23930,,yes,,,
MYB_ATY13_col_a,AT1G74650,,yes,,,
MYB_BOS1_col_a,AT3G06490,,,,,
MYB_MS188_col_a,AT5G56110,,,,,
MYB_MS188_colamp_a,AT5G56110,,,,,
MYB_MYB101_col_a,AT2G32460,,,,,
MYB_MYB101_colamp_a,AT2G32460,,,,,
MYB_MYB107_col_a,AT3G02940,,yes,,,
MYB_MYB107_colamp_a,AT3G02940,,yes,,,
MYB_MYB116_colamp_a,AT1G25340,,,,,
MYB_MYB118_colamp_a,AT3G27785,,,,,
MYB_MYB119_col_a,AT5G58850,,,,,
MYB_MYB119_colamp_a,AT5G58850,,,,,
MYB_MYB121_col_a,AT3G30210,,,,,
MYB_MYB13_col_a,AT1G06180,,,,,
MYB_MYB27_col_a,AT3G53200,,,,,
MYB_MYB27_colamp_a,AT3G53200,,,,,
MYB_MYB33_col_a,AT5G06100,,yes,,,yes
MYB_MYB3R1_col_a,AT4G32730,,,,yes,
MYB_MYB3R1_colamp_a,AT4G32730,,,,yes,
MYB_MYB3R4_col_a,AT5G11510,,,,,
MYB_MYB3R5_col_a,AT5G02320,,,,yes,
MYB_MYB44_col,AT5G67300,,yes,,yes,
MYB_MYB49_col_a,AT5G54230,,yes,,,
MYB_MYB49_colamp_a,AT5G54230,,yes,,,
MYB_MYB55_colamp_a,AT4G01680,,,,,
MYB_MYB56_col_a,AT5G17800,,,,,
MYB_MYB56_colamp_a,AT5G17800,,,,,
MYB_MYB57_col_a,AT3G01530,,,,,
MYB_MYB58_col_a,AT1G16490,,yes,,,
MYB_MYB58_colamp_a,AT1G16490,,yes,,,
MYB_MYB61_col_a,AT1G09540,,,,,
MYB_MYB61_colamp_a,AT1G09540,,yes,,,
MYB_MYB62_colamp_a,AT1G68320,,yes,,,
MYB_MYB63_col_a,AT1G79180,,,,,
MYB_MYB65_col200_a,AT3G11440,,,,,
MYB_MYB65_colamp_a,AT3G11440,,,,,
MYB_MYB67_col_a,AT3G12720,,yes,,,
MYB_MYB70_col_a,AT2G23290,,,,yes,
MYB_MYB73_col_a,AT4G37260,,,,yes,
MYB_MYB74_colamp_a,AT4G05100,,,,,
MYB_MYB77_col_a,AT3G50060,,yes,,yes,yes
MYB_MYB81_col_a,AT2G26960,,,,,
MYB_MYB83_colamp_a,AT3G08500,,,,,yes
MYB_MYB88_col_a,AT2G02820,,,,,
MYB_MYB88_colamp_a,AT2G02820,,,,,
MYB_MYB93_col_a,AT1G34670,,,,,
MYB_MYB93_colamp_a,AT1G34670,,yes,,,
MYB_MYB96_col_b,AT5G62470,,,,,
MYB_MYB98_col_a,AT4G18770,,,,,
MYB_MYB99_colamp_a,AT5G62320,,,,,
MYBrelated_At1g19000_col_a,AT1G19000,,,,,yes
MYBrelated_At1g19000_colamp_a,AT1G19000,,,,,yes
MYBrelated_At1g49010_col_a,AT1G49010,,,,,yes
MYBrelated_At1g49010_colamp_a,AT1G49010,,,,,yes
MYBrelated_AT1G72740_col_a,AT1G72740,,,,,
MYBrelated_AT1G72740_colamp_a,AT1G72740,,,,,
MYBrelated_At1g74840_col100_a,AT1G74840,yes,,,,
MYBrelated_At3g09600_col_a,AT3G09600,yes,yes,,,yes
MYBrelated_At3g09600_colamp_a,AT3G09600,yes,yes,yes,,
MYBrelated_AT3G10113_col_a,AT3G10113,yes,yes,yes,,yes
MYBrelated_AT3G10580_colamp_a,AT3G10580,,,,,
MYBrelated_At3g11280_col_a,AT3G11280,,,,,
MYBrelated_At4g01280_col_a,AT4G01280,yes,,,,
MYBrelated_At4g01280_colamp_a,AT4G01280,yes,yes,yes,,yes
MYBrelated_At5g05790_col_a,AT5G05790,,,,,
MYBrelated_At5g08520_col_b,AT5G08520,,,,,yes
MYBrelated_At5g08520_colamp_a,AT5G08520,,,,,yes
MYBrelated_At5g47390_col_b,AT5G47390,yes,,,,yes
MYBrelated_At5g52660_col_a,AT5G52660,yes,,,,
MYBrelated_At5g52660_colamp_a,AT5G52660,yes,yes,,,yes
MYBrelated_AT5G56840_col_a,AT5G56840,,,,,
MYBrelated_AT5G56840_colamp_a,AT5G56840,yes,,,,
MYBrelated_At5g58900_colamp_a,AT5G58900,,,,,yes
MYBrelated_AT5G61620_col_a,AT5G61620,yes,,,,
MYBrelated_AT5G61620_colamp_a,AT5G61620,,,,,
MYBrelated_EPR1_col,AT1G18330,yes,yes,yes,,yes
MYBrelated_EPR1_colamp_a,AT1G18330,yes,yes,yes,,yes
MYBrelated_LCL1_col,AT5G02840,,,,,
MYBrelated_LCL1_colamp_a,AT5G02840,,,,,
MYBrelated_LHY1_col_a,AT1G01060,yes,yes,yes,,yes
MYBrelated_LHY1_colamp_a,AT1G01060,yes,yes,,,yes
MYBrelated_RVE1_col_a,AT5G17300,yes,yes,yes,,yes
MYBrelated_RVE1_colamp_a,AT5G17300,yes,,,,
MYBrelated_TBP3_col_a,AT5G67580,,,,,
MYBrelated_TRP1_col,AT5G59430,,,,,
MYBrelated_TRP2_col_a,AT3G46590,,,,,
MYBrelated_TRP2_colamp_a,AT3G46590,,,,,
NAC_ANAC004_col_a,AT1G02230,,,,,
NAC_ANAC004_colamp_a,AT1G02230,,,,,
NAC_ANAC005_col_a,AT1G02250,,,,,
NAC_ANAC013_col_a,AT1G32870,,,,,
NAC_ANAC016_col_a,AT1G34180,yes,,,,
NAC_ANAC017_col,AT1G34190,,,,,
NAC_ANAC017_colamp_v31,AT1G34190,,,,,
NAC_ANAC020_col_v31,AT1G54330,,,,yes,
NAC_ANAC028_col_a,AT1G65910,,,,yes,
NAC_ANAC034_col,AT2G02450,,,,,
NAC_ANAC038_col_a,AT2G24430,,,,,
NAC_ANAC042_col_a,AT2G43000,,,,,
NAC_ANAC045_col_a,AT3G03200,,,,yes,
NAC_ANAC045_colamp_a,AT3G03200,,,,,
NAC_ANAC046_col,AT3G04060,,,,,
NAC_ANAC046_colamp_a,AT3G04060,,,,yes,
NAC_ANAC047_col,AT3G04070,,,,,
NAC_ANAC050_col_v3a,AT3G10480,,,,,
NAC_ANAC050_colamp_a,AT3G10480,,,,,
NAC_ANAC053_col,AT3G10500,,,,,
NAC_ANAC053_colamp_a,AT3G10500,,,,,
NAC_ANAC055_col,AT3G15500,,,,,
NAC_ANAC057_col_a,AT3G17730,,,,,
NAC_ANAC057_colamp_a,AT3G17730,,,,,
NAC_ANAC058_col_a,AT3G18400,,,,,yes
NAC_ANAC058_colamp_a,AT3G18400,,,,,
NAC_ANAC062_col,AT3G49530,,,,,
NAC_ANAC062_colamp_a,AT3G49530,,,,,
NAC_ANAC070_col,AT4G10350,,,,yes,yes
NAC_ANAC070_colamp_a,AT4G10350,,,,yes,
NAC_ANAC071_col_a,AT4G17980,,,,yes,yes
NAC_ANAC071_colamp_a,AT4G17980,,,,yes,
NAC_ANAC075_col_a,AT4G29230,,,,,
NAC_ANAC079_col,AT5G07680,,,,,
NAC_ANAC083_col_v3a,AT5G13180,,,,yes,
NAC_ANAC083_colamp_a,AT5G13180,,,,yes,
NAC_ANAC087_col_v3a,AT5G18270,,,,,
NAC_ANAC087_colamp_a,AT5G18270,,,,,
NAC_ANAC092_col_v3a,AT5G39610,,,,,
NAC_ANAC092_colamp_a,AT5G39610,,,,yes,
NAC_ANAC094_col_a,AT5G39820,,,,,
NAC_ANAC096_col,AT5G46590,,,,yes,
NAC_ANAC096_colamp_a,AT5G46590,,,,,
NAC_ANAC103_col_a,AT5G64060,,,,,
NAC_ANAC103_colamp_a,AT5G64060,,,,,
NAC_AT1G19040_col_a,AT1G19040,,,,,
NAC_ATAF1_col_a,AT1G01720,,,,,
NAC_CUC1_col_v31,AT3G15170,,,,,
NAC_CUC2_col,AT5G53950,,,,,
NAC_CUC2_colamp_a,AT5G53950,,,,,
NAC_CUC3_col_a,AT1G76420,,,,,
NAC_NAC2_col_v3a,AT5G04410,,,,,
NAC_NAC2_colamp_a,AT5G04410,,,,,
NAC_NAM_col_v3a,AT1G52880,,,,,
NAC_NAM_colamp_a,AT1G52880,,,,,
NAC_NAP_col_v3a,AT1G69490,,,,,
NAC_NAP_colamp_a,AT1G69490,,,,,
NAC_NST1_col_v31,AT2G46770,,,,yes,
NAC_NST1_colamp_a,AT2G46770,,,,,
NAC_NTL8_col,AT2G27300,,,,,
NAC_NTM1_col_a,AT4G01540,,,,,
NAC_NTM1_colamp_a,AT4G01540,,,,,yes
NAC_NTM2_col_b,AT4G01550,,,,,
NAC_SMB_col_a,AT1G79580,,,,yes,yes
NAC_SMB_colamp_a,AT1G79580,,yes,,yes,yes
NAC_SND2_col_a,AT4G28500,,,,,
NAC_SND2_colamp_a,AT4G28500,yes,,,yes,yes
NAC_SND3_col_b,AT1G28470,yes,,,yes,yes
NAC_SND3_colamp_a,AT1G28470,yes,,,yes,yes
NAC_VND1_col_a,AT2G18060,,,,yes,
NAC_VND2_col_a,AT4G36160,,,,yes,
NAC_VND2_colamp_a,AT4G36160,,yes,,yes,
NAC_VND3_col,AT5G66300,,,,yes,
NAC_VND3_colamp_a,AT5G66300,,,,yes,
NAC_VND4_col,AT1G12260,,,,yes,
NAC_VND4_colamp_a,AT1G12260,,,,yes,
NAC_VND6_col_v31,AT5G62380,,,,yes,
NAC_VND6_colamp_a,AT5G62380,,,,yes,
ND_FRS9_col_a,AT4G38170,,yes,yes,,
ND_FRS9_colamp_a,AT4G38170,,,,,
Orphan_AT1G24250_col_a,AT1G24250,,,,,
Orphan_BBX31_col_a,AT3G21890,,,yes,,yes
RAV_RAV1_col,AT1G13260,,,,,
RAV_RAV1_colamp_a,AT1G13260,,,,,
REM_REM19_col_a,AT1G49480,,,,,
REM_REM19_colamp_a,AT1G49480,,,,yes,yes
RWPRK_NLP7_col_a,AT4G24020,,,,,
RWPRK_RKD2_col_a,AT1G74480,,,,,
RWPRK_RKD2_colamp_a,AT1G74480,,,,yes,
S1Falike_AT3G09735_col_a,AT3G09735,,,,,
SBP_SPL1_col_a,AT2G47070,,yes,,,
SBP_SPL1_colamp_a,AT2G47070,,yes,,,
SBP_SPL13_col_a,AT5G50670,,,,,
SBP_SPL14_col_a,AT1G20980,,,,,
SBP_SPL15_colamp_a,AT3G57920,,yes,,yes,
SBP_SPL5_col_a,AT3G15270,,,,,
SBP_SPL5_colamp_a,AT3G15270,,yes,,yes,
SBP_SPL9_col_a,AT2G42200,,yes,,yes,
SBP_SPL9_colamp_a,AT2G42200,,yes,,yes,
SRS_SRS7_colamp_a,AT1G19790,,,,yes,
TCP_At1g69690_col_a,AT1G69690,,,,yes,
TCP_At1g72010_col,AT1G72010,,,,yes,
TCP_At1g72010_colamp_a,AT1G72010,,,,yes,
TCP_At2g45680_col_b,AT2G45680,,,,,
TCP_At5g08330_col_a,AT5G08330,,,,yes,
TCP_TCP20_col_a,AT3G27010,,,,yes,
TCP_TCP24_col,AT1G30210,,,,yes,
TCP_TCP3_col,AT1G53230,,,,yes,
TCP_TCP7_col_a,AT5G23280,,,,,
Trihelix_AT1G76880_col_a,AT1G76880,,,,,
Trihelix_AT2G33550_colamp_a,AT2G33550,,yes,,yes,
Trihelix_AT3G10030_col_a,AT3G10030,,,,,
Trihelix_AT3G10030_colamp_a,AT3G10030,,,,,
Trihelix_At3g14180_col,AT3G14180,,,,,
Trihelix_AT3G25990_colamp_a,AT3G25990,,,,,
Trihelix_AT5G05550_col_a,AT5G05550,yes,,,,
Trihelix_AT5G05550_colamp_a,AT5G05550,,,,,
Trihelix_AT5G47660_colamp_a,AT5G47660,,,yes,,
Trihelix_GT1_col_a,AT1G13450,,,,,
Trihelix_GT2_col_a,AT1G76890,,,yes,,
Trihelix_GT2_colamp_a,AT1G76890,,,yes,,
Trihelix_GT3a_col_a,AT5G01380,,,,,
Trihelix_GTL1_col_a,AT1G33240,,,yes,,
Trihelix_GTL1_colamp_a,AT1G33240,,,yes,,
WRKY_WRKY14_col_a,AT1G30650,,,,,
WRKY_WRKY14_colamp_a,AT1G30650,,,,,
WRKY_WRKY15_col_b,AT2G23320,,,,,
WRKY_WRKY15_colamp_a,AT2G23320,,,,,
WRKY_WRKY18_col_a,AT4G31800,,,,,
WRKY_WRKY18_colamp_a,AT4G31800,,,,,
WRKY_WRKY20_col_a,AT4G26640,,,,,
WRKY_WRKY21_col,AT2G30590,,,,,
WRKY_WRKY22_col,AT4G01250,,yes,,,
WRKY_WRKY22_colamp_a,AT4G01250,,,,,
WRKY_WRKY24_col_a,AT5G41570,,,,,
WRKY_WRKY24_colamp_a,AT5G41570,,,,,
WRKY_WRKY25_col_a,AT2G30250,,,,,
WRKY_WRKY25_colamp_a,AT2G30250,,,,,
WRKY_WRKY27_col_a,AT5G52830,,,,,
WRKY_WRKY27_colamp_a,AT5G52830,,,,,
WRKY_WRKY28_col_a,AT4G18170,,,yes,,
WRKY_WRKY29_col_a,AT4G23550,,,,,
WRKY_WRKY29_colamp_a,AT4G23550,,,,,
WRKY_WRKY3_col_a,AT2G03340,,,,,
WRKY_WRKY30_colamp_a,AT5G24110,,,,,
WRKY_WRKY31_colamp_a,AT4G22070,,,,,
WRKY_WRKY33_col_a,AT2G38470,,,,,
WRKY_WRKY40_col,AT1G80840,,,,,
WRKY_WRKY45_col_a,AT3G01970,,,,,
WRKY_WRKY45_colamp_a,AT3G01970,,,,,
WRKY_WRKY50_col_a,AT5G26170,,,,,
WRKY_WRKY55_col_a,AT2G40740,,,,,
WRKY_WRKY6_colamp_a,AT1G62300,,,,,
WRKY_WRKY65_col_a,AT1G29280,,,,,
WRKY_WRKY65_colamp_a,AT1G29280,,,,,
WRKY_WRKY7_col,AT4G24240,,,,,
WRKY_WRKY70_col,AT3G56400,,,,,
WRKY_WRKY71_col_a,AT1G29860,,,,,
WRKY_WRKY75_col_a,AT5G13080,,,,,
WRKY_WRKY75_colamp_a,AT5G13080,,,,,
WRKY_WRKY8_col,AT5G46350,,,,,
WRKY_WRKY8_colamp_a,AT5G46350,,,,,
zfGRF_AT3G42860_col_a,AT3G42860,,,,,
ZFHD_ATHB23_col_b,AT5G39760,,,yes,,
ZFHD_ATHB23_colamp_a,AT5G39760,,,yes,,
ZFHD_ATHB24_col_a,AT2G18350,,,,,
ZFHD_ATHB24_colamp_a,AT2G18350,,,,,
ZFHD_ATHB25_col_a,AT5G65410,,,,,
ZFHD_ATHB25_colamp_a,AT5G65410,,,yes,,yes
ZFHD_AtHB32_col200_a,AT1G14687,yes,,,yes,
ZFHD_ATHB33_col_a,AT1G75240,,,,,yes
ZFHD_ATHB33_colamp_a,AT1G75240,,,,,yes
ZFHD_ATHB34_col_a,AT3G28920,,,,,
ZFHD_ATHB34_colamp_a,AT3G28920,,,yes,,
